[
    {
      "elementType": "geometry",
      "stylers": [
        { "color": "#242f3e" }
      ]
    },
    {
      "elementType": "labels.text.stroke",
      "stylers": [
        { "color": "#242f3e" }
      ]
    },
    {
      "elementType": "labels.text.fill",
      "stylers": [
        { "color": "#746855" }
      ]
    },
    {
      "featureType": "road",
      "elementType": "geometry",
      "stylers": [
        { "color": "#38414e" }
      ]
    },
    {
      "featureType": "road.highway",
      "elementType": "geometry",
      "stylers": [
        { "color": "#746855" }
      ]
    },
    {
      "featureType": "poi",
      "elementType": "labels.text.fill",
      "stylers": [
        { "color": "#d59563" }
      ]
    }
  ]
  